,0
V14,0.1764960626208237
V4,0.12270902783682314
V10,0.1187800625594821
V17,0.09733674515137286
V12,0.09492309659879225
V3,0.06168460016122483
V16,0.0580749831043461
V11,0.053263680005912625
V2,0.02900287398762454
V21,0.020045280126402092
V9,0.019881767820122884
V7,0.01772691227024215
V18,0.012657366341105338
V19,0.011670450883857033
Amount,0.010067430068556643
V20,0.009028007264357043
V6,0.008292951140052962
V5,0.008029147113415354
V13,0.007464033802752208
V26,0.006920051969518088
V8,0.00659913991635924
V15,0.006490631650702158
V27,0.006391754462774048
V1,0.005980543984747557
V25,0.005980476182648713
V23,0.005659595399245735
V28,0.004908344703821287
V22,0.004797715537612228
Time,0.004619435334610363
V24,0.00451783200069482
